industry,avg_ai_adoption_rate,avg_productivity_change_percent,avg_ai_maturity_score,avg_ai_failure_rate,avg_jobs_displaced,avg_jobs_created,avg_customer_satisfaction,n_encuestas,n_empresas
Agriculture,35.233,8.809,0.332,26.188,106.085,115.276,5.37,15570,1038
Consulting,34.514,8.645,0.328,26.459,106.331,116.063,5.35,12504,833
Education,35.237,8.783,0.334,26.13,111.245,122.581,5.369,15172,1014
Finance,38.337,9.505,0.355,25.124,98.441,110.423,5.453,20166,1344
Healthcare,34.566,8.575,0.328,26.437,101.506,110.983,5.346,18642,1240
Logistics,35.261,9.114,0.332,26.265,114.99,110.086,5.397,12961,864
Manufacturing,34.726,9.028,0.329,26.384,115.06,111.096,5.387,17501,1168
Retail,34.714,8.954,0.327,26.383,111.867,107.654,5.388,16377,1091
Technology,42.508,11.159,0.41,23.564,133.738,149.076,5.638,21107,1408
